{
    "model": "Decision Tree",
    "accuracy": 0.8615321589512495,
    "auc": 0.7484171139855926,
    "precision": 0.554726368159204,
    "recall": 0.5837696335078534,
    "f1": 0.5688775510204082,
    "mcc": 0.48668697438345127
}