{
    "model": "K-Nearest Neighbor",
    "accuracy": 0.8578451454321999,
    "auc": 0.7075455985597643,
    "precision": 0.6277372262773723,
    "recall": 0.225130890052356,
    "f1": 0.33140655105973027,
    "mcc": 0.3162807729375421
}