{
    "model": "Logistic Regression",
    "accuracy": 0.8877509217533798,
    "auc": 0.8980735832216625,
    "precision": 0.7547169811320755,
    "recall": 0.418848167539267,
    "f1": 0.5387205387205387,
    "mcc": 0.5077903753406636
}