{
    "model": "Naive Bayes (Gaussian)",
    "accuracy": 0.24498156493240475,
    "auc": 0.5812935929351157,
    "precision": 0.16930737890448166,
    "recall": 0.9790575916230366,
    "f1": 0.2886916248552682,
    "mcc": 0.10883064458827461
}