{
    "model": "Random Forest",
    "accuracy": 0.9012699713232282,
    "auc": 0.9218098807686342,
    "precision": 0.7508896797153025,
    "recall": 0.5523560209424084,
    "f1": 0.6365007541478129,
    "mcc": 0.5900793384319926
}