{
    "model": "XGBoost",
    "accuracy": 0.8963539532978287,
    "auc": 0.92457961344525,
    "precision": 0.6902654867256637,
    "recall": 0.612565445026178,
    "f1": 0.6490984743411928,
    "mcc": 0.5899937439562626
}